Workbook

Sheet Seguimiento_Sprint
A1: Seguimiento sprint Documento 0, Incremento 1 y Incremento 2
A2: PILA DEL PRODUCTO | G2: SEGUIMIENTO | H2: PROYECTO | K2: Verificación
A3: Incremento | B3: Prioridad | C3: Categoría | D3: Tarea | E3: Responsable | F3: Estimar HH | G3: Registro Diario en Horas | H3: Inicio | I3: Fin | J3: HH Efectivas | K3: Revisión | L3: Estado | M3: Detalles
A4: Documento 0 | B4: 1 | C4: Iniciación | D4: Solicitud formal de la iniciativa por parte del grupo de trabajo | E4: Vicente Ortega Nobizelli | F4: 1 | G4: 24-03-2026 1 H | H4: 46105 | I4: 46105 | J4: 1 | K4: Vicente Ortega Nobizelli | L4: OK | M4: Se formalizó ante el grupo de trabajo la solicitud de inicio de la iniciativa del proyecto. Entregable: acta de solicitud formal. Criterio de aceptación: iniciativa presentada y aceptada por todos los integrantes; evidencia: registro de acuerdo incorporado al Documento 0.
A5: Documento 0 | B5: 1 | C5: Iniciación | D5: Crear la visión del proyecto | E5: Todos | F5: 2 | G5: 25-03-2026 2 H | H5: 46106 | I5: 46106 | J5: 2 | K5: Vicente Ortega Nobizelli | L5: OK | M5: Se redactó la visión general del proyecto, describiendo el propósito y el valor esperado para la organización. Entregable: declaración de visión del proyecto. Criterio de aceptación: visión clara, alineada con los objetivos de Ingecon; evidencia: sección incorporada al Documento 0.
A6: Documento 0 | B6: 1 | C6: Iniciación | D6: Identificación de roles dentro del equipo | E6: Todos | F6: 1 | G6: 27-03-2026 1 H | H6: 46108 | I6: 46108 | J6: 1 | K6: Vicente Ortega Nobizelli | L6: OK | M6: Se definieron y asignaron los roles y responsabilidades de cada integrante del equipo de trabajo. Entregable: matriz de roles y responsabilidades. Criterio de aceptación: roles asignados sin duplicidad y aceptados por el equipo; evidencia: tabla de roles incorporada al Documento 0.
A7: Documento 0 | B7: 1 | C7: Planificación y Estimación | D7: Construir product backlog | E7: Todos | F7: 4 | G7: 27-03-2026 1.5 H 30-03-2026 1.5 H 01-04-2026 1 H | H7: 46108 | I7: 46113 | J7: 4 | K7: Vicente Ortega Nobizelli | L7: OK | M7: Se construyó el product backlog inicial del proyecto, priorizando las funcionalidades a desarrollar. Entregable: product backlog priorizado. Criterio de aceptación: ítems priorizados y estimados a nivel general; evidencia: backlog incorporado a la planificación del proyecto.
A8: Documento 0 | B8: 1 | C8: Documento 0 | D8: Introducción | E8: Paulina Urrutia Moya | F8: 3 | G8: 21-03-2026 1 H 23-03-2026 1 H 25-03-2026 1 H | H8: 46102 | I8: 46106 | J8: 3 | K8: Vicente Ortega Nobizelli | L8: OK | M8: Se redactó la introducción del Documento 0, presentando el propósito, alcance y estructura del informe. Entregable: sección de introducción. Criterio de aceptación: propósito y alcance del documento claramente expuestos; evidencia: sección integrada al Documento 0.
A9: Documento 0 | B9: 1 | C9: Documento 0 | D9: Contexto | E9: Tomás Hurtado Silva | F9: 3 | G9: 21-03-2026 1 H 23-03-2026 1 H 25-03-2026 1 H | H9: 46102 | I9: 46106 | J9: 3 | K9: Vicente Ortega Nobizelli | L9: OK | M9: Se describió el contexto organizacional de la empresa Ingecon, incluyendo su rubro, trayectoria y estructura. Entregable: sección de contexto de la organización. Criterio de aceptación: información general de la empresa completa y verificada; evidencia: sección integrada al Documento 0.
A10: Documento 0 | B10: 1 | C10: Documento 0 | D10: Problema | E10: Benjamín Parraguez Aguirre | F10: 3 | G10: 28-03-2026 1 H 31-03-2026 1 H 03-04-2026 1 H | H10: 46109 | I10: 46115 | J10: 3 | K10: Vicente Ortega Nobizelli | L10: OK | M10: Se identificó y describió la problemática que da origen al proyecto. Entregable: sección de descripción de la problemática. Criterio de aceptación: problemática claramente definida y justificada; evidencia: sección integrada al Documento 0.
A11: Documento 0 | B11: 1 | C11: Documento 0 | D11: Objetivo General | E11: Paulina Urrutia Moya | F11: 2 | G11: 27-03-2026 1 H 05-04-2026 1 H | H11: 46108 | I11: 46117 | J11: 2 | K11: Vicente Ortega Nobizelli | L11: OK | M11: Se redactó el objetivo general del proyecto en base a la problemática identificada. Entregable: objetivo general. Criterio de aceptación: objetivo medible y alineado con la problemática; evidencia: sección integrada al Documento 0.
A12: Documento 0 | B12: 1 | C12: Documento 0 | D12: Objetivos Específicos | E12: Paulina Urrutia Moya | F12: 2 | G12: 28-03-2026 1 H 05-04-2026 1 H | H12: 46109 | I12: 46117 | J12: 2 | K12: Vicente Ortega Nobizelli | L12: OK | M12: Se definieron los objetivos específicos derivados del objetivo general del proyecto. Entregable: listado de objetivos específicos. Criterio de aceptación: objetivos medibles y consistentes con el objetivo general; evidencia: sección integrada al Documento 0.
A13: Documento 0 | B13: 1 | C13: Documento 0 | D13: Organigramas | E13: Benjamín Parraguez Aguirre | F13: 2 | G13: 26-03-2026 1 H 01-04-2026 1 H | H13: 46107 | I13: 46113 | J13: 2 | K13: Vicente Ortega Nobizelli | L13: OK | M13: Se elaboraron los organigramas de la empresa representando su estructura jerárquica y funcional. Entregable: organigramas de la organización. Criterio de aceptación: estructura organizacional representada correctamente; evidencia: diagramas incorporados al Documento 0.
A14: Documento 0 | B14: 1 | C14: Levantamiento de Requerimientos | D14: Preparar la Entrevista del Usuario | E14: Todos | F14: 2 | G14: 22-03-2026 1 H 23-03-2026 1 H | H14: 46103 | I14: 46104 | J14: 2 | K14: Vicente Ortega Nobizelli | L14: OK | M14: Se prepararon las preguntas y la pauta de la entrevista a realizar al usuario/cliente. Entregable: pauta de entrevista. Criterio de aceptación: preguntas alineadas con los objetivos del levantamiento; evidencia: pauta utilizada en la primera entrevista.
A15: Documento 0 | B15: 1 | C15: Análisis Externo | D15: PEST o PESTEL | E15: Tomás Hurtado Silva | F15: 3 | G15: 31-03-2026 1 H 02-04-2026 1 H 05-04-2026 1 H | H15: 46112 | I15: 46117 | J15: 3 | K15: Vicente Ortega Nobizelli | L15: OK | M15: Se desarrolló el análisis PESTEL de factores políticos, económicos, sociales, tecnológicos, ecológicos y legales que afectan a la organización. Entregable: análisis PESTEL. Criterio de aceptación: factores externos identificados y justificados; evidencia: sección integrada al Documento 0.
... A77: Incremento 2 | B77: 1 | C77: Informe | D77: Organización general trabajo | E77: Paulina Urrutia Moya | F77: 3 | G77: 09-09-2026 1 H 10-09-2026 1 H | H77: 46274 | I77: 46275 | J77: 2 | K77: Paulina Urrutia Moya | L77: OK | M77: Se coordinó la organización final del equipo, consolidando entregables, asignando revisiones cruzadas y verificando el cumplimiento del cronograma antes de la entrega del Incremento 2. Entregable: cierre organizativo del sprint. Criterio de aceptación: todos los entregables consolidados, revisados y entregados dentro del plazo; evidencia: checklist de cierre y carta Gantt final actualizada.

Sheet Burn_Up_Down
A1: Seguimiento Burn-Up / Burn-Down — Incremento 2
A2: Fuente: hoja "Seguimiento_Sprint" (columnas Estimar HH y Registro Diario en Horas). HH Estimada diaria = Estimar HH de cada tarea repartido en partes iguales entre sus días de registro.
A4: Día | B4: Fecha | C4: HH Estimada (día) | D4: HH Efectiva (día) | E4: HH Estimada (acum.) | F4: HH Efectiva (acum.) | G4: Remanente Estimada | H4: Remanente Efectiva | J4: Total Estimar HH (alcance): | K4: =SUM(Seguimiento_Sprint!F53:F77) -> 89
A5: 1 | B5: 2026-08-10 | C5: 4.4167 | D5: 3.5 | E5: =C5 -> 4.4167 | F5: =D5 -> 3.5 | G5: =$K$4-E5 -> 84.5833 | H5: =$K$4-F5 -> 85.5
A6: 2 | B6: 2026-08-11 | C6: 1 | D6: 1 | E6: =E5+C6 -> 5.4167 | F6: =F5+D6 -> 4.5 | G6: =$K$4-E6 -> 83.5833 | H6: =$K$4-F6 -> 84.5
A7: 3 | B7: 2026-08-12 | C7: 2.6667 | D7: 2.5 | E7: =E6+C7 -> 8.0834 | F7: =F6+D7 -> 7 | G7: =$K$4-E7 -> 80.9166 | H7: =$K$4-F7 -> 82
A8: 4 | B8: 2026-08-13 | C8: 4 | D8: 3 | E8: =E7+C8 -> 12.0834 | F8: =F7+D8 -> 10 | G8: =$K$4-E8 -> 76.9166 | H8: =$K$4-F8 -> 79
A9: 5 | B9: 2026-08-14 | C9: 7.6667 | D9: 4.5 | E9: =E8+C9 -> 19.7501 | F9: =F8+D9 -> 14.5 | G9: =$K$4-E9 -> 69.2499 | H9: =$K$4-F9 -> 74.5
A10: 6 | B10: 2026-08-15 | C10: 0 | D10: 0 | E10: =E9+C10 -> 19.7501 | F10: =F9+D10 -> 14.5 | G10: =$K$4-E10 -> 69.2499 | H10: =$K$4-F10 -> 74.5
A11: 7 | B11: 2026-08-16 | C11: 0 | D11: 0 | E11: =E10+C11 -> 19.7501 | F11: =F10+D11 -> 14.5 | G11: =$K$4-E11 -> 69.2499 | H11: =$K$4-F11 -> 74.5
A12: 8 | B12: 2026-08-17 | C12: 3.75 | D12: 2 | E12: =E11+C12 -> 23.5001 | F12: =F11+D12 -> 16.5 | G12: =$K$4-E12 -> 65.4999 | H12: =$K$4-F12 -> 72.5
A13: 9 | B13: 2026-08-18 | C13: 6.6667 | D13: 4 | E13: =E12+C13 -> 30.1668 | F13: =F12+D13 -> 20.5 | G13: =$K$4-E13 -> 58.8332 | H13: =$K$4-F13 -> 68.5
A14: 10 | B14: 2026-08-19 | C14: 6.6667 | D14: 4 | E14: =E13+C14 -> 36.8335 | F14: =F13+D14 -> 24.5 | G14: =$K$4-E14 -> 52.1665 | H14: =$K$4-F14 -> 64.5
A15: 11 | B15: 2026-08-20 | C15: 6.6667 | D15: 4 | E15: =E14+C15 -> 43.5002 | F15: =F14+D15 -> 28.5 | G15: =$K$4-E15 -> 45.4998 | H15: =$K$4-F15 -> 60.5
A16: 12 | B16: 2026-08-21 | C16: 0 | D16: 0 | E16: =E15+C16 -> 43.5002 | F16: =F15+D16 -> 28.5 | G16: =$K$4-E16 -> 45.4998 | H16: =$K$4-F16 -> 60.5
A17: 13 | B17: 2026-08-22 | C17: 0 | D17: 0 | E17: =E16+C17 -> 43.5002 | F17: =F16+D17 -> 28.5 | G17: =$K$4-E17 -> 45.4998 | H17: =$K$4-F17 -> 60.5
... A36: 32 | B36: 2026-09-10 | C36: 1.5 | D36: 1 | E36: =E35+C36 -> 89.0002 | F36: =F35+D36 -> 61 | G36: =$K$4-E36 -> -0.0002 | H36: =$K$4-F36 -> 28

Sheet Burn_Global_I1_I2
A1: Burn-Up / Burn-Down Acumulado — Incremento 1 + Incremento 2
A2: Combina, en una sola línea de tiempo (Día Global), las 17 jornadas del Incremento 1 seguidas de las 32 jornadas del Incremento 2, sin reiniciar el acumulado entre sprints. Días 1-17: HH Estimada/Efectiva provienen de "Seguimiento_Sprint_Incremento_1.xlsx" (archivo no incluido en este libro; se ingresan como dato fijo en celdas azules, calculado con el mismo criterio: Estimar HH repartido en partes iguales entre días de registro). Días 18-49: enlazados por fórmula a la hoja "Burn_Up_Down" (Incremento 2) de este mismo libro.
A4: Sprint | B4: Día (sprint) | C4: Día Global | D4: Fecha | E4: HH Estimada (día) | F4: HH Efectiva (día) | G4: HH Estimada (acum.) | H4: HH Efectiva (acum.) | I4: Remanente Estimada | J4: Remanente Efectiva | L4: Total Estimar HH Incremento 1 (fuente: Seguimiento_Sprint_Incremento_1.xlsx): | M4: 67
A5: Incremento 1 | B5: 1 | C5: 1 | D5: 2026-05-09 | E5: 3 | F5: 2 | G5: =E5 -> 3 | H5: =F5 -> 2 | I5: =$M$6-G5 -> 153 | J5: =$M$6-H5 -> 154 | L5: Total Estimar HH Incremento 2 (de hoja Burn_Up_Down de este libro): | M5: =Burn_Up_Down!$K$4 -> 89
A6: Incremento 1 | B6: 2 | C6: 2 | D6: 2026-05-10 | E6: 5.6667 | F6: 11 | G6: =G5+E6 -> 8.6667 | H6: =H5+F6 -> 13 | I6: =$M$6-G6 -> 147.3333 | J6: =$M$6-H6 -> 143 | L6: Total Estimar HH Global (I1+I2): | M6: =M4+M5 -> 156
A7: Incremento 1 | B7: 3 | C7: 3 | D7: 2026-05-11 | E7: 0 | F7: 0 | G7: =G6+E7 -> 8.6667 | H7: =H6+F7 -> 13 | I7: =$M$6-G7 -> 147.3333 | J7: =$M$6-H7 -> 143
A8: Incremento 1 | B8: 4 | C8: 4 | D8: 2026-05-12 | E8: 3 | F8: 2 | G8: =G7+E8 -> 11.6667 | H8: =H7+F8 -> 15 | I8: =$M$6-G8 -> 144.3333 | J8: =$M$6-H8 -> 141
A9: Incremento 1 | B9: 5 | C9: 5 | D9: 2026-05-13 | E9: 2 | F9: 2 | G9: =G8+E9 -> 13.6667 | H9: =H8+F9 -> 17 | I9: =$M$6-G9 -> 142.3333 | J9: =$M$6-H9 -> 139
A10: Incremento 1 | B10: 6 | C10: 6 | D10: 2026-05-14 | E10: 0 | F10: 0 | G10: =G9+E10 -> 13.6667 | H10: =H9+F10 -> 17 | I10: =$M$6-G10 -> 142.3333 | J10: =$M$6-H10 -> 139
A11: Incremento 1 | B11: 7 | C11: 7 | D11: 2026-05-15 | E11: 5.1667 | F11: 10 | G11: =G10+E11 -> 18.8334 | H11: =H10+F11 -> 27 | I11: =$M$6-G11 -> 137.1666 | J11: =$M$6-H11 -> 129
A12: Incremento 1 | B12: 8 | C12: 8 | D12: 2026-05-16 | E12: 2 | F12: 1 | G12: =G11+E12 -> 20.8334 | H12: =H11+F12 -> 28 | I12: =$M$6-G12 -> 135.1666 | J12: =$M$6-H12 -> 128
A13: Incremento 1 | B13: 9 | C13: 9 | D13: 2026-05-17 | E13: 6 | F13: 5 | G13: =G12+E13 -> 26.8334 | H13: =H12+F13 -> 33 | I13: =$M$6-G13 -> 129.1666 | J13: =$M$6-H13 -> 123
A14: Incremento 1 | B14: 10 | C14: 10 | D14: 2026-05-18 | E14: 0 | F14: 0 | G14: =G13+E14 -> 26.8334 | H14: =H13+F14 -> 33 | I14: =$M$6-G14 -> 129.1666 | J14: =$M$6-H14 -> 123
A15: Incremento 1 | B15: 11 | C15: 11 | D15: 2026-05-19 | E15: 4 | F15: 2 | G15: =G14+E15 -> 30.8334 | H15: =H14+F15 -> 35 | I15: =$M$6-G15 -> 125.1666 | J15: =$M$6-H15 -> 121
A16: Incremento 1 | B16: 12 | C16: 12 | D16: 2026-05-20 | E16: 2.5 | F16: 2 | G16: =G15+E16 -> 33.3334 | H16: =H15+F16 -> 37 | I16: =$M$6-G16 -> 122.6666 | J16: =$M$6-H16 -> 119
A17: Incremento 1 | B17: 13 | C17: 13 | D17: 2026-05-21 | E17: 5 | F17: 2 | G17: =G16+E17 -> 38.3334 | H17: =H16+F17 -> 39 | I17: =$M$6-G17 -> 117.6666 | J17: =$M$6-H17 -> 117
A18: Incremento 1 | B18: 14 | C18: 14 | D18: 2026-05-22 | E18: 3.6667 | F18: 3 | G18: =G17+E18 -> 42.0001 | H18: =H17+F18 -> 42 | I18: =$M$6-G18 -> 113.9999 | J18: =$M$6-H18 -> 114
... A21: Incremento 1 | B21: 17 | C21: 17 | D21: 2026-05-25 | E21: 8.1667 | F21: 8 | G21: =G20+E21 -> 67.0002 | H21: =H20+F21 -> 62 | I21: =$M$6-G21 -> 88.9998 | J21: =$M$6-H21 -> 94
A22: Incremento 2 | B22: 1 | C22: 18 | D22: =Burn_Up_Down!B5 -> 2026-08-10 | E22: =Burn_Up_Down!C5 -> 4.4167 | F22: =Burn_Up_Down!D5 -> 3.5 | G22: =G21+E22 -> 71.4169 | H22: =H21+F22 -> 65.5 | I22: =$M$6-G22 -> 84.5831 | J22: =$M$6-H22 -> 90.5
A23: Incremento 2 | B23: 2 | C23: 19 | D23: =Burn_Up_Down!B6 -> 2026-08-11 | E23: =Burn_Up_Down!C6 -> 1 | F23: =Burn_Up_Down!D6 -> 1 | G23: =G22+E23 -> 72.4169 | H23: =H22+F23 -> 66.5 | I23: =$M$6-G23 -> 83.5831 | J23: =$M$6-H23 -> 89.5
A24: Incremento 2 | B24: 3 | C24: 20 | D24: =Burn_Up_Down!B7 -> 2026-08-12 | E24: =Burn_Up_Down!C7 -> 2.6667 | F24: =Burn_Up_Down!D7 -> 2.5 | G24: =G23+E24 -> 75.0836 | H24: =H23+F24 -> 69 | I24: =$M$6-G24 -> 80.9164 | J24: =$M$6-H24 -> 87
A25: Incremento 2 | B25: 4 | C25: 21 | D25: =Burn_Up_Down!B8 -> 2026-08-13 | E25: =Burn_Up_Down!C8 -> 4 | F25: =Burn_Up_Down!D8 -> 3 | G25: =G24+E25 -> 79.0836 | H25: =H24+F25 -> 72 | I25: =$M$6-G25 -> 76.9164 | J25: =$M$6-H25 -> 84
A26: Incremento 2 | B26: 5 | C26: 22 | D26: =Burn_Up_Down!B9 -> 2026-08-14 | E26: =Burn_Up_Down!C9 -> 7.6667 | F26: =Burn_Up_Down!D9 -> 4.5 | G26: =G25+E26 -> 86.7503 | H26: =H25+F26 -> 76.5 | I26: =$M$6-G26 -> 69.2497 | J26: =$M$6-H26 -> 79.5
A27: Incremento 2 | B27: 6 | C27: 23 | D27: =Burn_Up_Down!B10 -> 2026-08-15 | E27: =Burn_Up_Down!C10 -> 0 | F27: =Burn_Up_Down!D10 -> 0 | G27: =G26+E27 -> 86.7503 | H27: =H26+F27 -> 76.5 | I27: =$M$6-G27 -> 69.2497 | J27: =$M$6-H27 -> 79.5
A28: Incremento 2 | B28: 7 | C28: 24 | D28: =Burn_Up_Down!B11 -> 2026-08-16 | E28: =Burn_Up_Down!C11 -> 0 | F28: =Burn_Up_Down!D11 -> 0 | G28: =G27+E28 -> 86.7503 | H28: =H27+F28 -> 76.5 | I28: =$M$6-G28 -> 69.2497 | J28: =$M$6-H28 -> 79.5
A29: Incremento 2 | B29: 8 | C29: 25 | D29: =Burn_Up_Down!B12 -> 2026-08-17 | E29: =Burn_Up_Down!C12 -> 3.75 | F29: =Burn_Up_Down!D12 -> 2 | G29: =G28+E29 -> 90.5003 | H29: =H28+F29 -> 78.5 | I29: =$M$6-G29 -> 65.4997 | J29: =$M$6-H29 -> 77.5
A30: Incremento 2 | B30: 9 | C30: 26 | D30: =Burn_Up_Down!B13 -> 2026-08-18 | E30: =Burn_Up_Down!C13 -> 6.6667 | F30: =Burn_Up_Down!D13 -> 4 | G30: =G29+E30 -> 97.167 | H30: =H29+F30 -> 82.5 | I30: =$M$6-G30 -> 58.833 | J30: =$M$6-H30 -> 73.5
A31: Incremento 2 | B31: 10 | C31: 27 | D31: =Burn_Up_Down!B14 -> 2026-08-19 | E31: =Burn_Up_Down!C14 -> 6.6667 | F31: =Burn_Up_Down!D14 -> 4 | G31: =G30+E31 -> 103.8337 | H31: =H30+F31 -> 86.5 | I31: =$M$6-G31 -> 52.1663 | J31: =$M$6-H31 -> 69.5
A32: Incremento 2 | B32: 11 | C32: 28 | D32: =Burn_Up_Down!B15 -> 2026-08-20 | E32: =Burn_Up_Down!C15 -> 6.6667 | F32: =Burn_Up_Down!D15 -> 4 | G32: =G31+E32 -> 110.5004 | H32: =H31+F32 -> 90.5 | I32: =$M$6-G32 -> 45.4996 | J32: =$M$6-H32 -> 65.5
A33: Incremento 2 | B33: 12 | C33: 29 | D33: =Burn_Up_Down!B16 -> 2026-08-21 | E33: =Burn_Up_Down!C16 -> 0 | F33: =Burn_Up_Down!D16 -> 0 | G33: =G32+E33 -> 110.5004 | H33: =H32+F33 -> 90.5 | I33: =$M$6-G33 -> 45.4996 | J33: =$M$6-H33 -> 65.5
... A53: Incremento 2 | B53: 32 | C53: 49 | D53: =Burn_Up_Down!B36 -> 2026-09-10 | E53: =Burn_Up_Down!C36 -> 1.5 | F53: =Burn_Up_Down!D36 -> 1 | G53: =G52+E53 -> 156.0004 | H53: =H52+F53 -> 123 | I53: =$M$6-G53 -> -0.0004 | J53: =$M$6-H53 -> 33
